model,H1_t_stat,H1_p_value,H1_cohen_d,H1_mean_drift,H1_n,H2_U_stat,H2_p_value,H2_rank_biserial_r,H2_mean_CDS_B,H2_mean_CDS_C,H3_F_stat,H3_p_value,H3_eta_squared
claude,-2.4292401001804906,0.029185507317844167,-0.6272270967958852,-0.03200000000000001,15,74.5,0.035841766757027035,0.33777777777777773,-0.03200000000000001,-0.0040000000000000036,22.76842105263162,8.230218095292394e-05,0.791437980241493
gemini,1.4675987714106857,0.16431789846959996,0.3789323733725367,0.0013333333333333346,15,117.0,0.7982631181884785,-0.040000000000000036,0.0013333333333333346,0.0020000000000000018,2.666666666666666,0.11010193276759044,0.3076923076923076
gpt52,1.4084056792618558,0.18083027537200666,0.3636487826990074,0.00733333333333334,15,140.0,0.23013934044341644,-0.24444444444444446,0.00733333333333334,-0.0059999999999999975,5.236842105263157,0.023176178754164136,0.4660421545667447
